[
{"lat" : -37.1886, "lng" : 145.708 } ,
{"lat" : -37.8361, "lng" : 144.845 } ,
{"lat" : -38.4034, "lng" : 144.192 } ,
{"lat" : -38.7597, "lng" : 143.67 } ,
{"lat" : -36.9672, "lng" : 141.083 } ,
{"lat" : -37.2843, "lng" : 142.927 } ,
{"lat" : -37.8629, "lng" : 145.08 } ,
{"lat" : -37.0871, "lng" : 143.474 } ,
{"lat" : -37.7557, "lng" : 144.859 } ,
{"lat" : -36.787, "lng" : 144.502 } ,
{"lat" : -37.6758, "lng" : 144.438 } ,
{"lat" : -37.826, "lng" : 147.636 } ,
{"lat" : -37.5999, "lng" : 144.221 } ,
{"lat" : -37.5642, "lng" : 143.859 } ,
{"lat" : -37.2488, "lng" : 141.843 } ,
{"lat" : -38.05, "lng" : 144.168 } ,
{"lat" : -37.4313, "lng" : 143.381 } ,
{"lat" : -38.1949, "lng" : 143.639 } ,
{"lat" : -36.3585, "lng" : 146.689 } ,
{"lat" : -37.9081, "lng" : 145.355 } ,
{"lat" : -38.2667, "lng" : 144.522 } ,
{"lat" : -36.5558, "lng" : 145.975 } ,
{"lat" : -36.7669, "lng" : 144.267 } ,
{"lat" : -37.1472, "lng" : 148.887 } ,
{"lat" : -36.1259, "lng" : 147.099 } ,
{"lat" : -35.943, "lng" : 142.419 } ,
{"lat" : -35.9798, "lng" : 142.917 } ,
{"lat" : -38.3363, "lng" : 143.783 } ,
{"lat" : -38.3805, "lng" : 146.272 } ,
{"lat" : -36.1158, "lng" : 143.724 } ,
{"lat" : -37.8599, "lng" : 145.286 } ,
{"lat" : -37.7997, "lng" : 145.052 } ,
{"lat" : -37.8181, "lng" : 145.127 } ,
{"lat" : -37.8584, "lng" : 141.799 } ,
{"lat" : -37.8434, "lng" : 147.07 } ,
{"lat" : -36.6017, "lng" : 143.94 } ,
{"lat" : -36.7318, "lng" : 146.962 } ,
{"lat" : -37.2034, "lng" : 145.055 } ,
{"lat" : -37.6832, "lng" : 144.917 } ,
{"lat" : -37.7631, "lng" : 144.963 } ,
{"lat" : -37.7075, "lng" : 147.831 } ,
{"lat" : -37.4999, "lng" : 148.171 } ,
{"lat" : -37.6515, "lng" : 143.884 } ,
{"lat" : -38.0975, "lng" : 145.718 } ,
{"lat" : -37.8509, "lng" : 145.098 } ,
{"lat" : -37.8332, "lng" : 145.059 } ,
{"lat" : -38.2305, "lng" : 143.146 } ,
{"lat" : -37.5654, "lng" : 149.152 } ,
{"lat" : -37.8003, "lng" : 144.955 } ,
{"lat" : -37.7307, "lng" : 144.741 } ,
{"lat" : -37.5853, "lng" : 141.406 } ,
{"lat" : -37.0648, "lng" : 144.218 } ,
{"lat" : -37.8813, "lng" : 145.023 } ,
{"lat" : -37.5272, "lng" : 142.04 } ,
{"lat" : -36.2697, "lng" : 143.348 } ,
{"lat" : -38.0508, "lng" : 145.116 } ,
{"lat" : -37.9652, "lng" : 145.057 } ,
{"lat" : -36.1476, "lng" : 146.611 } ,
{"lat" : -38.3077, "lng" : 146.418 } ,
{"lat" : -37.9201, "lng" : 145.12 } ,
{"lat" : -37.2953, "lng" : 143.784 } ,
{"lat" : -38.3282, "lng" : 143.076 } ,
{"lat" : -35.9208, "lng" : 145.651 } ,
{"lat" : -35.8114, "lng" : 144.222 } ,
{"lat" : -38.3381, "lng" : 143.593 } ,
{"lat" : -37.5999, "lng" : 141.693 } ,
{"lat" : -37.8042, "lng" : 144.993 } ,
{"lat" : -38.0739, "lng" : 144.358 } ,
{"lat" : -36.1945, "lng" : 147.904 } ,
{"lat" : -38.4501, "lng" : 145.236 } ,
{"lat" : -37.5984, "lng" : 144.933 } ,
{"lat" : -38.1134, "lng" : 145.283 } ,
{"lat" : -37.4299, "lng" : 143.892 } ,
{"lat" : -37.7992, "lng" : 145.279 } ,
{"lat" : -35.7175, "lng" : 143.106 } ,
{"lat" : -37.9909, "lng" : 145.218 } ,
{"lat" : -37.9217, "lng" : 141.283 } ,
{"lat" : -37.3421, "lng" : 144.147 } ,
{"lat" : -36.4708, "lng" : 147.017 } ,
{"lat" : -37.6741, "lng" : 145.161 } ,
{"lat" : -36.4567, "lng" : 142.028 } ,
{"lat" : -36.3736, "lng" : 142.984 } ,
{"lat" : -37.7884, "lng" : 145.158 } ,
{"lat" : -36.3304, "lng" : 145.686 } ,
{"lat" : -38.3348, "lng" : 144.961 } ,
{"lat" : -38.1302, "lng" : 145.849 } ,
{"lat" : -38.175, "lng" : 144.57 } ,
{"lat" : -37.65, "lng" : 142.345 } ,
{"lat" : -36.8575, "lng" : 143.733 } ,
{"lat" : -36.7205, "lng" : 144.256 } ,
{"lat" : -36.1191, "lng" : 144.745 } ,
{"lat" : -37.0364, "lng" : 141.293 } ,
{"lat" : -37.2322, "lng" : 145.91 } ,
{"lat" : -37.1803, "lng" : 143.251 } ,
{"lat" : -36.496, "lng" : 144.611 } ,
{"lat" : -37.7134, "lng" : 145.151 } ,
{"lat" : -37.934, "lng" : 145.441 } ,
{"lat" : -37.9757, "lng" : 145.262 } ,
{"lat" : -37.6467, "lng" : 145.026 } ,
{"lat" : -36.7517, "lng" : 145.572 } ,
{"lat" : -36.8635, "lng" : 147.28 } ,
{"lat" : -37.7183, "lng" : 144.962 } ,
{"lat" : -37.8022, "lng" : 144.979 } ,
{"lat" : -37.7849, "lng" : 144.932 } ,
{"lat" : -37.8039, "lng" : 144.901 } ,
{"lat" : -38.5211, "lng" : 143.717 } ,
{"lat" : -38.6521, "lng" : 146.202 } ,
{"lat" : -38.1389, "lng" : 145.125 } ,
{"lat" : -38.1454, "lng" : 144.357 } ,
{"lat" : -37.4854, "lng" : 144.586 } ,
{"lat" : -37.9036, "lng" : 145.164 } ,
{"lat" : -36.4635, "lng" : 146.227 } ,
{"lat" : -36.6141, "lng" : 144.509 } ,
{"lat" : -37.5794, "lng" : 144.102 } ,
{"lat" : -36.7183, "lng" : 141.473 } ,
{"lat" : -37.704, "lng" : 145.096 } ,
{"lat" : -35.9558, "lng" : 144.367 } ,
{"lat" : -37.1364, "lng" : 142.519 } ,
{"lat" : -37.748, "lng" : 142.026 } ,
{"lat" : -37.1642, "lng" : 141.594 } ,
{"lat" : -38.3079, "lng" : 145.185 } ,
{"lat" : -37.6566, "lng" : 145.511 } ,
{"lat" : -36.9217, "lng" : 144.709 } ,
{"lat" : -37.7579, "lng" : 145.071 } ,
{"lat" : -37.7463, "lng" : 145.047 } ,
{"lat" : -37.9815, "lng" : 146.786 } ,
{"lat" : -38.1335, "lng" : 141.629 } ,
{"lat" : -35.7293, "lng" : 142.365 } ,
{"lat" : -36.7141, "lng" : 142.201 } ,
{"lat" : -37.6402, "lng" : 145.193 } ,
{"lat" : -36.5767, "lng" : 143.871 } ,
{"lat" : -38.1015, "lng" : 144.051 } ,
{"lat" : -38.6311, "lng" : 145.727 } ,
{"lat" : -37.3027, "lng" : 146.138 } ,
{"lat" : -36.1432, "lng" : 141.989 } ,
{"lat" : -36.3789, "lng" : 141.242 } ,
{"lat" : -36.0806, "lng" : 145.69 } ,
{"lat" : -37.7238, "lng" : 144.808 } ,
{"lat" : -35.7339, "lng" : 143.922 } ,
{"lat" : -37.3073, "lng" : 144.95 } ,
{"lat" : -37.5315, "lng" : 145.34 } ,
{"lat" : -37.8697, "lng" : 145.237 } ,
{"lat" : -38.2002, "lng" : 145.489 } ,
{"lat" : -35.6447, "lng" : 144.131 } ,
{"lat" : -38.2926, "lng" : 142.368 } ,
{"lat" : -38.4346, "lng" : 145.824 } ,
{"lat" : -36.3137, "lng" : 145.053 } ,
{"lat" : -37.2425, "lng" : 144.457 } ,
{"lat" : -35.4596, "lng" : 143.632 } ,
{"lat" : -37.7121, "lng" : 142.841 } ,
{"lat" : -37.8772, "lng" : 147.995 } ,
{"lat" : -37.2786, "lng" : 144.736 } ,
{"lat" : -37.0046, "lng" : 143.136 } ,
{"lat" : -38.2653, "lng" : 145.563 } ,
{"lat" : -38.0234, "lng" : 144.396 } ,
{"lat" : -38.6823, "lng" : 143.386 } ,
{"lat" : -37.8633, "lng" : 144.771 } ,
{"lat" : -37.4319, "lng" : 143.729 } ,
{"lat" : -38.4753, "lng" : 145.946 } ,
{"lat" : -37.2743, "lng" : 143.517 } ,
{"lat" : -37.7556, "lng" : 145.342 } ,
{"lat" : -37.6847, "lng" : 143.56 } ,
{"lat" : -37.9533, "lng" : 143.34 } ,
{"lat" : -38.3686, "lng" : 145.703 } ,
{"lat" : -38.5409, "lng" : 143.974 } ,
{"lat" : -38.0324, "lng" : 142.001 } ,
{"lat" : -37.4229, "lng" : 144.568 } ,
{"lat" : -37.9651, "lng" : 146.973 } ,
{"lat" : -36.9952, "lng" : 144.065 } ,
{"lat" : -37.5602, "lng" : 149.751 } ,
{"lat" : -37.1884, "lng" : 144.385 } ,
{"lat" : -37.8559, "lng" : 145.03 } ,
{"lat" : -35.0504, "lng" : 142.883 } ,
{"lat" : -37.0523, "lng" : 146.087 } ,
{"lat" : -37.0464, "lng" : 143.735 } ,
{"lat" : -37.5107, "lng" : 145.748 } ,
{"lat" : -38.58, "lng" : 146.011 } ,
{"lat" : -37.67, "lng" : 144.849 } ,
{"lat" : -37.8165, "lng" : 144.966 } ,
{"lat" : -37.822, "lng" : 144.953 } ,
{"lat" : -37.6858, "lng" : 144.578 } ,
{"lat" : -34.1674, "lng" : 142.061 } ,
{"lat" : -37.8466, "lng" : 144.076 } ,
{"lat" : -37.7203, "lng" : 141.55 } ,
{"lat" : -34.186, "lng" : 142.162 } ,
{"lat" : -37.6574, "lng" : 145.075 } ,
{"lat" : -36.4582, "lng" : 142.589 } ,
{"lat" : -38.4009, "lng" : 146.159 } ,
{"lat" : -36.5371, "lng" : 147.378 } ,
{"lat" : -38.1779, "lng" : 146.261 } ,
{"lat" : -37.8752, "lng" : 145.408 } ,
{"lat" : -37.7647, "lng" : 144.924 } ,
{"lat" : -37.9374, "lng" : 145.038 } ,
{"lat" : -37.7895, "lng" : 145.311 } ,
{"lat" : -36.3955, "lng" : 145.356 } ,
{"lat" : -38.0038, "lng" : 145.086 } ,
{"lat" : -38.2164, "lng" : 145.037 } ,
{"lat" : -38.0816, "lng" : 142.808 } ,
{"lat" : -38.2373, "lng" : 146.394 } ,
{"lat" : -36.7442, "lng" : 147.171 } ,
{"lat" : -37.1465, "lng" : 146.452 } ,
{"lat" : -37.7871, "lng" : 145.381 } ,
{"lat" : -36.9921, "lng" : 147.15 } ,
{"lat" : -37.8805, "lng" : 145.128 } ,
{"lat" : -36.5782, "lng" : 146.375 } ,
{"lat" : -36.6177, "lng" : 145.221 } ,
{"lat" : -35.2642, "lng" : 141.183 } ,
{"lat" : -37.8907, "lng" : 145.067 } ,
{"lat" : -36.6167, "lng" : 142.47 } ,
{"lat" : -36.5611, "lng" : 146.725 } ,
{"lat" : -36.7873, "lng" : 145.155 } ,
{"lat" : -38.026, "lng" : 145.311 } ,
{"lat" : -36.0598, "lng" : 145.203 } ,
{"lat" : -36.7399, "lng" : 141.947 } ,
{"lat" : -38.0185, "lng" : 145.955 } ,
{"lat" : -37.1055, "lng" : 144.064 } ,
{"lat" : -36.3346, "lng" : 141.652 } ,
{"lat" : -37.7661, "lng" : 145.002 } ,
{"lat" : -36.0886, "lng" : 145.444 } ,
{"lat" : -37.8175, "lng" : 145.183 } ,
{"lat" : -35.1719, "lng" : 143.378 } ,
{"lat" : -37.8983, "lng" : 145.088 } ,
{"lat" : -37.8562, "lng" : 145.365 } ,
{"lat" : -37.102, "lng" : 147.593 } ,
{"lat" : -37.7066, "lng" : 148.456 } ,
{"lat" : -35.07, "lng" : 142.315 } ,
{"lat" : -38.0618, "lng" : 145.453 } ,
{"lat" : -37.8746, "lng" : 142.29 } ,
{"lat" : -35.054, "lng" : 143.314 } ,
{"lat" : -38.6178, "lng" : 142.998 } ,
{"lat" : -38.3877, "lng" : 142.239 } ,
{"lat" : -38.1153, "lng" : 144.658 } ,
{"lat" : -38.3525, "lng" : 141.609 } ,
{"lat" : -37.8478, "lng" : 145 } ,
{"lat" : -37.7392, "lng" : 145.006 } ,
{"lat" : -37.7404, "lng" : 145.028 } ,
{"lat" : -37.1229, "lng" : 144.857 } ,
{"lat" : -36.0546, "lng" : 144.113 } ,
{"lat" : -35.8523, "lng" : 143.521 } ,
{"lat" : -38.2702, "lng" : 144.661 } ,
{"lat" : -35.8995, "lng" : 141.995 } ,
{"lat" : -37.9561, "lng" : 146.398 } ,
{"lat" : -36.5387, "lng" : 144.204 } ,
{"lat" : -34.3041, "lng" : 142.187 } ,
{"lat" : -37.7165, "lng" : 145.005 } ,
{"lat" : -37.8174, "lng" : 145 } ,
{"lat" : -37.4621, "lng" : 144.678 } ,
{"lat" : -37.8131, "lng" : 145.227 } ,
{"lat" : -34.584, "lng" : 142.771 } ,
{"lat" : -36.3631, "lng" : 144.699 } ,
{"lat" : -37.901, "lng" : 143.722 } ,
{"lat" : -37.3438, "lng" : 144.742 } ,
{"lat" : -38.3698, "lng" : 144.89 } ,
{"lat" : -38.1503, "lng" : 146.789 } ,
{"lat" : -37.9189, "lng" : 145.239 } ,
{"lat" : -36.6331, "lng" : 142.63 } ,
{"lat" : -36.5907, "lng" : 145.017 } ,
{"lat" : -36.0565, "lng" : 146.459 } ,
{"lat" : -38.3706, "lng" : 144.819 } ,
{"lat" : -38.1123, "lng" : 147.069 } ,
{"lat" : -38.5211, "lng" : 145.38 } ,
{"lat" : -37.9486, "lng" : 145.004 } ,
{"lat" : -35.5024, "lng" : 142.85 } ,
{"lat" : -36.406, "lng" : 143.974 } ,
{"lat" : -37.02, "lng" : 145.13 } ,
{"lat" : -36.3815, "lng" : 145.398 } ,
{"lat" : -37.684, "lng" : 143.361 } ,
{"lat" : -37.6433, "lng" : 143.687 } ,
{"lat" : -38.3361, "lng" : 144.742 } ,
{"lat" : -37.8348, "lng" : 144.959 } ,
{"lat" : -35.4012, "lng" : 142.441 } ,
{"lat" : -37.9551, "lng" : 145.151 } ,
{"lat" : -36.6169, "lng" : 143.26 } ,
{"lat" : -37.8679, "lng" : 144.991 } ,
{"lat" : -37.835, "lng" : 144.974 } ,
{"lat" : -36.4464, "lng" : 144.985 } ,
{"lat" : -37.0557, "lng" : 142.784 } ,
{"lat" : -37.9635, "lng" : 147.08 } ,
{"lat" : -37.5799, "lng" : 144.736 } ,
{"lat" : -37.7776, "lng" : 144.831 } ,
{"lat" : -35.3561, "lng" : 143.563 } ,
{"lat" : -37.27, "lng" : 147.726 } ,
{"lat" : -36.2161, "lng" : 147.176 } ,
{"lat" : -36.2513, "lng" : 147.035 } ,
{"lat" : -36.77, "lng" : 143.833 } ,
{"lat" : -36.4404, "lng" : 145.233 } ,
{"lat" : -38.241, "lng" : 142.919 } ,
{"lat" : -38.4834, "lng" : 142.971 } ,
{"lat" : -36.2491, "lng" : 144.951 } ,
{"lat" : -38.6616, "lng" : 146.325 } ,
{"lat" : -38.3256, "lng" : 144.318 } ,
{"lat" : -38.2127, "lng" : 146.154 } ,
{"lat" : -38.1948, "lng" : 146.536 } ,
{"lat" : -37.3907, "lng" : 144.322 } ,
{"lat" : -36.1649, "lng" : 145.881 } ,
{"lat" : -35.1709, "lng" : 141.81 } ,
{"lat" : -36.6362, "lng" : 145.715 } ,
{"lat" : -37.4165, "lng" : 144.982 } ,
{"lat" : -35.965, "lng" : 147.734 } ,
{"lat" : -36.361, "lng" : 146.314 } ,
{"lat" : -37.7548, "lng" : 145.688 } ,
{"lat" : -36.25, "lng" : 142.396 } ,
{"lat" : -38.1618, "lng" : 145.933 } ,
{"lat" : -37.7409, "lng" : 145.213 } ,
{"lat" : -38.381, "lng" : 142.478 } ,
{"lat" : -36.4244, "lng" : 143.616 } ,
{"lat" : -37.8945, "lng" : 144.68 } ,
{"lat" : -34.3847, "lng" : 141.597 } ,
{"lat" : -36.7655, "lng" : 146.414 } ,
{"lat" : -37.5102, "lng" : 145.119 } ,
{"lat" : -37.546, "lng" : 142.741 } ,
{"lat" : -37.8634, "lng" : 144.906 } ,
{"lat" : -38.2442, "lng" : 143.99 } ,
{"lat" : -36.122, "lng" : 146.89 } ,
{"lat" : -38.6076, "lng" : 145.59 } ,
{"lat" : -37.3544, "lng" : 144.527 } ,
{"lat" : -37.5676, "lng" : 146.251 } ,
{"lat" : -35.681, "lng" : 142.665 } ,
{"lat" : -36.0744, "lng" : 143.226 } ,
{"lat" : -36.3106, "lng" : 146.843 } ,
{"lat" : -37.6602, "lng" : 145.373 } ,
{"lat" : -37.7813, "lng" : 145.609 } ,
{"lat" : -38.56, "lng" : 146.677 } ,
{"lat" : -36.0193, "lng" : 145.995 } ,
{"lat" : -37.2104, "lng" : 145.427 } ,
{"lat" : -37.8915, "lng" : 145.175 } ,
{"lat" : -37.7229, "lng" : 144.893 } ,
{"lat" : -37.8193, "lng" : 144.96 } ,
{"lat" : -37.5609, "lng" : 143.866 } ,
{"lat" : -37.6015, "lng" : 143.842 } ,
{"lat" : -36.7573, "lng" : 144.28 } ,
{"lat" : -37.7708, "lng" : 144.958 } ,
{"lat" : -37.7265, "lng" : 144.892 } ,
{"lat" : -37.725, "lng" : 145.058 } ,
{"lat" : -37.8035, "lng" : 144.986 } ,
{"lat" : -37.8308, "lng" : 144.945 } ,
{"lat" : -37.6607, "lng" : 144.884 } ,
{"lat" : -37.7379, "lng" : 145.075 } ,
{"lat" : -37.8183, "lng" : 145.186 } ,
{"lat" : -37.8132, "lng" : 144.958 } ,
{"lat" : -37.8134, "lng" : 144.957 } ,
{"lat" : -37.8478, "lng" : 144.687 } ,
{"lat" : -38.1149, "lng" : 145.173 } ,
{"lat" : -38.0315, "lng" : 143.633 } ,
{"lat" : -38.0572, "lng" : 147.569 }
]
