{
  "type": "FeatureCollection",
  "features": [
    {
      "type": "Feature",
      "properties": {
        "title": "South London Polygon GeoJSON"
      },
      "geometry": {
        "type": "Polygon",
        "coordinates": [
          [
            [
              -0.196380615234375,
              51.41034247807634
            ],
            [
              -0.09716033935546874,
              51.41034247807634
            ],
            [
              -0.09716033935546874,
              51.44159675846268
            ],
            [
              -0.196380615234375,
              51.44159675846268
            ],
            [
              -0.196380615234375,
              51.41034247807634
            ]
          ]
        ]
      }
    }
  ]
}