{
  "type": "FeatureCollection",
  "features": [
    {
      "type": "Feature",
      "properties": {
        "title": "South London Line GeoJSON"
      },
      "geometry": {
        "type": "LineString",
        "coordinates": [
          [
            -0.2245330810546875,
            51.402204296190476
          ],
          [
            -0.18058776855468747,
            51.37520943448463
          ],
          [
            -0.1174163818359375,
            51.36149165915505
          ],
          [
            -0.05767822265625,
            51.37178037591737
          ],
          [
            -0.0336456298828125,
            51.40820099168391
          ],
          [
            -0.03570556640625,
            51.45229536554372
          ]
        ]
      }
    }
  ]
}